{
  "config": {
    "game": {
      "controls": {
        "sensitivity": {
          "horizontal": 90,
          "vertical": 95
        },
        "aim_assist": {
          "enabled": true,
          "strength": "high",
          "type": "standard"
        },
        "bullet_drop": {
          "enabled": true
        }
      },
      "graphics": {
        "resolution": {
          "width": 2560,
          "height": 1440
        },
        "quality": {
          "level": "ultra",
          "texture_quality": "ultra",
          "shadow_quality": "high",
          "anti_aliasing": "fxaa"
        }
      }
    }
  }
}
{ "made by smoke config" : true
}