<hipFiringSettings>
    <weapon>
        <name>SMG</name>
        <hipFireAccuracy>High</hipFireAccuracy>
        <recoilControl>Medium</recoilControl>
    </weapon>
    <weapon>
        <name>Shotgun</name>
        <hipFireAccuracy>Medium</hipFireAccuracy>
        <recoilControl>Low</recoilControl>
    </weapon>
    <weapon>
        <name>LMG</name>
        <hipFireAccuracy>Low</hipFireAccuracy>
        <recoilControl>High</recoilControl>
    </weapon>
    <!-- Add more weapon entries as needed  bySmokeConfig-->
</hipFiringSettings>

.  