{
  "config": {
    "game": {
      "controls": {
        "sensitivity": {
          "horizontal": 95,
          "vertical": 100
        },
        "aim_assist": {
          "enabled": true,
          "strength": "high",
          "type": "sniper"
        }
      },
      "shooting": {
        "sniper_accuracy": {
          "enabled": true,
          "scope_sensitivity": 80,
          "hold_breath": true
        }
      },
      ///smoke///
      "graphics": {
        "resolution": {
          "width": 2560,
          "height": 1440
        },
        "quality": {
          "level": "ultra",
          "texture_quality": "ultra",
          "shadow_quality": "high",
          "anti_aliasing": "fxaa"
        }
      }
    }
  }
}