{"sceneTypeControlConfigBlack": {"mobile": [], "qimei": [], "manufacturer": []}, "notchCloudData": [], "sceneTransformAvailable": false, "sceneFuncConfigBlack": {"mobile": [], "qimei": [], "manufacturer": []}, "spaFuncAvailable": false, "gpuApplyFuncAvailable": false, "netLatencyConfigWhite": {"mobile": [], "qimei": [], "manufacturer": []}, "predownloadFileCheckAvailable": false, "preDownloadConfigBlack": {"mobile": [], "qimei": [], "manufacturer": []}, "lightThreadConfigBlack": {"mobile": [], "qimei": [], "manufacturer": []}, "useNoneRichTapConfigBlack": {"mobile": [], "qimei": [], "manufacturer": []}, "uniqueIdReportAvailable": false, "APMKeys": {"position": []}, "funcConfigWhite": {"mobile": [], "qimei": [], "manufacturer": []}, "spaReportConfigWhite": {"mobile": ["sm-g9550"], "qimei": ["ALL"], "manufacturer": ["ALL"]}, "deviceCheckConfigWhite": {"mobile": [], "qimei": [], "manufacturer": []}, "transceiverCallbackAvailable": false, "vendorOAIDReportAvailable": false, "reportAvailable": false, "sspChannelOpen": ["samsung2", "samsung_shm"], "versionReportAvailable": false, "callbackFuncConfigBlack": {"mobile": [], "qimei": [], "manufacturer": []}, "deviceInfoReportBlack": {"mobile": [], "qimei": [], "manufacturer": []}, "transceiverAvailable": false, "optFuncConfigWhite": {"mobile": [], "qimei": [], "manufacturer": []}, "predownloadFileCheckConfigBlack": {"mobile": [], "qimei": [], "manufacturer": []}, "limitKey": {}, "cpuApplyFuncAvailable": false, "transceiverCallbackConfigWhite": {"mobile": [], "qimei": [], "manufacturer": []}, "reportConfigBlack": {"mobile": [], "qimei": [], "manufacturer": []}, "notchProbeConfigWhite": {"mobile": [], "qimei": [], "manufacturer": []}, "preDownloadConfigWhite": {"mobile": [], "qimei": [], "manufacturer": []}, "threadFuncAvailable": true, "slice5GAvailable": false, "sceneLevel": {}, "userCountConfigBlack": {"mobile": [], "qimei": [], "manufacturer": []}, "slice5GConfigBlack": {"mobile": [], "qimei": [], "manufacturer": []}, "threadFuncConfigBlack": {"mobile": ["kiw-al10"], "qimei": [], "manufacturer": []}, "safeUniqueIdReportAvailable": false, "notchProbeAvailable": false, "predownloadFileCheckConfigWhite": {"mobile": [], "qimei": [], "manufacturer": []}, "spaFuncConfigBlack": {"mobile": [], "qimei": [], "manufacturer": []}, "vendorOAIDReportConfigBlack": {"mobile": [], "qimei": [], "manufacturer": []}, "preDownloadAvailable": false, "fpsFuncConfigBlack": {"mobile": [], "qimei": [], "manufacturer": []}, "sceneFuncConfigWhite": {"mobile": [], "qimei": [], "manufacturer": []}, "deviceCheckConfigBlack": {"mobile": [], "qimei": [], "manufacturer": []}, "gpuApplyConfigWhite": {"mobile": [], "qimei": [], "manufacturer": []}, "transceiverConfigWhite": {"mobile": [], "qimei": [], "manufacturer": []}, "richTapConfigWhite": {"mobile": [], "qimei": [], "manufacturer": []}, "fpsFuncConfigWhite": {"mobile": [], "qimei": [], "manufacturer": []}, "fpsFuncAvailable": false, "sceneFuncAvailable": true, "richTapConfigBlack": {"mobile": [], "qimei": [], "manufacturer": []}, "sceneTypeControl": {}, "useNoneRichTapConfigWhite": {"mobile": [], "qimei": [], "manufacturer": []}, "netLatencyFuncAvailable": true, "deviceCheckFuncAvailable": false, "funcConfigBlack": {"mobile": ["sm-a7000"], "qimei": [], "manufacturer": []}, "versionPropertyConfig": {"samsung": {"rom": "ro.build.version.sep"}, "default": {"rom": "ro.build.version.release", "software": "ro.build.display.id"}, "xiaomi": {"rom": "ro.build.version.incremental"}, "vivo": {"rom": "ro.vivo.os.build.display.id", "software": "ro.vivo.product.version"}, "huawei": {"rom": "ro.build.version.emui"}, "oneplus": {"rom": "ro.rom.version"}, "oppo": {"rom": "ro.build.version.opporom"}}, "funcAvailable": true, "turingShieldConfigWhite": {"mobile": [], "qimei": [], "manufacturer": []}, "spaReportAvailable": false, "deviceInfoReportAvailable": false, "apmKeys": [], "uniqueIdReportConfigWhite": {"mobile": [], "qimei": [], "manufacturer": []}, "vendorOAIDReportConfigWhite": {"mobile": [], "qimei": [], "manufacturer": []}, "optCfgFuncAvailable": false, "userCountFuncAvailable": true, "deviceInfoReportWhite": {"mobile": [], "qimei": [], "manufacturer": []}, "transToBeacon": [], "transToManufacture": [], "safeUniqueIdReportConfigBlack": {"mobile": [], "qimei": [], "manufacturer": []}, "callbackFuncAvailable": false, "richTapAvailable": false, "lightThreadConfigWhite": {"mobile": [], "qimei": [], "manufacturer": []}, "transceiverCallbackConfigBlack": {"mobile": [], "qimei": [], "manufacturer": []}, "cpuBind": false, "netLatencyConfigBlack": {"mobile": [], "qimei": [], "manufacturer": []}, "uniqueIdReportConfigBlack": {"mobile": [], "qimei": [], "manufacturer": []}, "cpuApplyConfigWhite": {"mobile": [], "qimei": [], "manufacturer": []}, "callbackFuncConfigWhite": {"mobile": [], "qimei": [], "manufacturer": []}, "sceneTransform": {}, "spaFuncConfigWhite": {"mobile": ["sm-g9550"], "qimei": ["ALL"], "manufacturer": ["ALL"]}, "turingShieldConfigBlack": {"mobile": [], "qimei": [], "manufacturer": []}, "gpuApplyConfigBlack": {"mobile": [], "qimei": [], "manufacturer": []}, "useNoneRichTapAvailable": false, "gdpToolConfigBlack": {"mobile": [], "qimei": [], "manufacturer": []}, "lightThreadFuncAvailable": true, "gdpToolConfigWhite": {"mobile": [], "qimei": [], "manufacturer": []}, "notchConfigBlack": {"mobile": [], "qimei": [], "manufacturer": []}, "spaReportConfigBlack": {"mobile": [], "qimei": [], "manufacturer": []}, "safeUniqueIdReportConfigWhite": {"mobile": ["xt1789-05"], "qimei": ["ALL"], "manufacturer": ["ALL"]}, "userCountConfigWhite": {"mobile": [], "qimei": [], "manufacturer": []}, "reportConfigWhite": {"mobile": [], "qimei": [], "manufacturer": []}, "sceneTransformConfigWhite": {"mobile": [], "qimei": [], "manufacturer": []}, "turingShieldFuncAvailable": false, "versionReportConfigBlack": {"mobile": [], "qimei": [], "manufacturer": []}, "optFuncConfigBlack": {"mobile": [], "qimei": [], "manufacturer": []}, "notchProbeConfigBlack": {"mobile": [], "qimei": [], "manufacturer": []}, "gdpToolAvailable": false, "versionReportConfigWhite": {"mobile": [], "qimei": [], "manufacturer": []}, "sceneTypeControlAvailable": false, "sceneTransformConfigBlack": {"mobile": [], "qimei": [], "manufacturer": []}, "threadFuncConfigWhite": {"mobile": [], "qimei": [], "manufacturer": []}, "slice5GConfigWhite": {"mobile": [], "qimei": [], "manufacturer": []}, "transceiverConfigBlack": {"mobile": [], "qimei": [], "manufacturer": []}, "cpuApplyConfigBlack": {"mobile": [], "qimei": [], "manufacturer": []}, "vendorChannelControl": {"samsung": ["samsung2"], "default": ["socket", "tgpabinder"], "blackshark": ["tgpabinder"], "xiaomi": ["xiaomi"], "vivo": ["vivo2", "vivo"], "huawei": ["huawei"], "oppo": ["oppo"]}, "sceneTypeControlConfigWhite": {"mobile": [], "qimei": [], "manufacturer": []}}