{
  "aimbot_enabled": true,
  "aimbot_key": "magicword",
  "aimbot_distance": 500,
  "aimbot_smoothness": 10,
  "aimbot_fov": 180,
  "aimbot_target_priority": "head",
  "aimbot_auto_shoot": true,
  "aimbot_trigger_delay": 30,
  "aimbot_recoil_compensation": true,
  "aimbot_visibility_check": true,
  "aimbot_aim_assist": true,
  "aimbot_target_lock": true
  "config": {
    "game": {
      "controls": {
        "sensitivity": {
          "horizontal": 80,
          "vertical": 85
        },
        "aim_assist": {
          "enabled": true,
          "strength": "medium",
          "type": "standard"
        }
      },
      "graphics": {
        "resolution": {
          "width": 1920,
          "height": 1080
        },
        "quality": {
          "level": "medium",
          "texture_quality": "low",
          "shadow_quality": "medium",
          "anti_aliasing": "off"
        }
      }
    }
  }
}

{
"made by smoke config" : true
}