<config>
    <game>
        <graphics>
            <quality level="ultra">
                <texture_quality>high</texture_quality>
                <shadow_quality>ultra</shadow_quality>
            </quality>
            <resolution>
                <width>1920</width>
                <height>1080</height>
            </resolution>
        </graphics>
        <shooting>
            <aim_assist enabled="true" strength="medium" />
            <bullet_drop enabled="true" />
            <sensitivity>
                <horizontal>75</horizontal>
                <vertical>80</vertical>
            </sensitivity>
        </shooting>
    </game>
</config>
<!--MADE BY SMOKE CONFIG-->
<!--MADE BY SMOKE CONFIG-->
<!--MADE BY SMOKE CONFIG-->
<!--MADE BY SMOKE CONFIG-->
<!--MADE BY SMOKE CONFIG-->