<sniperList>
    <sniper>
        <name>Arctic .50</name>
        <type>Bolt-Action</type>
        <ammo>5</ammo>
        <attachments>
            <attachment>Extended Barrel</attachment>
            <attachment>FMJ</attachment>
            <attachment>Steady Aim</attachment>
        </attachments>
        <aimAssist>High</aimAssist>
    </sniper>
    <sniper>
        <name>DL Q33</name>
        <type>Bolt-Action</type>
        <ammo>5</ammo>
        <attachments>
            <attachment>Rapid Fire</attachment>
            <attachment>FMJ</attachment>
            <attachment>Extended Mag</attachment>
        </attachments>
        <aimAssist>High</aimAssist>
    </sniper>
    <sniper>
     <!--SMOKE CONFIG-->
        <name>M21 EBR</name>
        <type>Semi-Automatic</type>
        <ammo>10</ammo>
        <attachments>
            <attachment>Suppressor</attachment>
            <attachment>Quickdraw</attachment>
            <attachment>FMJ</attachment>
        </attachments>
        <aimAssist>High</aimAssist>
    </sniper>
    <!-- Add more sniper entries as needed -->
</sniperList>