Set > game;
user;
callofdutymobile;
game < engine > weapon;
bullet;
aim;
lock; 
       ActiveXObject < set > game; module//Call of Duty Mobile
    
Set; game <Map> function Add_AimLock() {

   (screenShot); <Enemylock></Enemylock> //Terget Hit Part Damage AutoShot
   (AutoShotLock); <BulletAutoHeadShotLock></BulletAutoHeadShotLock> // Active

}
   Set; function screenShot(Enemylock) {
       
   } Add_EnemyViewRange(); + [AutoLockRange] // 360.0fov
 EnemyAutoLockSpeed(); + [UserScreenLock] // Enemy
 
       EnemyCharacter; function add_EnemyDamageWidth(); Range // 12x8
    (HitDamageHitbox); /AimShot/ [HitRange] = true; {

    }

      Game/Set; module = /AimShot/ = true;
     function add_AimShot(UserAim); AimShot //Range
    User; function add(); /EnemyDetectionDistance/ = 360.0()= true; {

    }
   module; /"<Active>"

if (CharacterData); {

}

set; CharacterData
Game; Call of Duty Mobile
Version; [0/24/3]; {

}
 
set;
function Call of Duty Mobile(Character) {
    AddHitbox/main
 add;
 Character;
 Hitbox;
 StaticRange;
}
  Character; AddMoveHitRange // 0x99999999999;MAX+++
  Character; AddLargeHitbox // 0x99999999999;MAX+++
  Character; AddHitDamageRange // 0x99999999999;MAX+++
  Character; AddLargeTergetHeadHitbox // 0x99999999999;MAX+++
  Character; AddMoveHitboxHEAD // 0x99999999999;MAX+++
  Character; AddMoveHitboxBODY // 0x99999999999;MAX+++
  Character; AddMoveHitboxNİCK // 0x99999999999;MAX+++
  
  Set / game; online && data; Character; Add; Hitbox(); {

  }
     BULLETSHOT=ENEMY,HİBOX,TERGET,HEAD;// MAX+++
     BULLETSHOT=ENEMY,TERGET,MOVE,HEAD;// MAX+++
     BULLETSHOT=ENEMY,HİT,DAMAGE,BODY,MOVE,HEAD;// MAX+++
     BULLETSHOT=ENEMY,HİT,DAMAGE,NİCK,MOVE,HEAD;// MAX+++
     BULLETSHOT=ENEMY,HİT,BODY,HEAD;// MAX+++
     BULLETSHOT=ENEMY,HİT,NİCK,HEAD;// MAX+++
     BULLETSHOT=ENEMY,HİT,DAMAGE,TERGET,HEAD;// MAX+++
     BULLETSHOT=ENEMY,LARGE,HİT,DAMAGE;// MAX+++
     BULLETSHOT=ENEMY,LARGE,HİT,HEAD;// MAX+++

     Set / (true); {

     }

    Game;Call of Duty Mobile
    Set;BULLET
    Weapon;AK-47
    
    (importScripts);
    BULLETSHOT=ENEMY,HİBOX,TERGET,HEAD;// MAX+++
     BULLETSHOT=ENEMY,TERGET,MOVE,HEAD;// MAX+++
     BULLETSHOT=ENEMY,HİT,DAMAGE,BODY,MOVE,HEAD;// MAX+++
     BULLETSHOT=ENEMY,HİT,DAMAGE,NİCK,MOVE,HEAD;// MAX+++
     BULLETSHOT=ENEMY,HİT,BODY,HEAD;// MAX+++
     BULLETSHOT=ENEMY,HİT,NİCK,HEAD;// MAX+++
     BULLETSHOT=ENEMY,HİT,DAMAGE,TERGET,HEAD;// MAX+++
     BULLETSHOT=ENEMY,LARGE,HİT,DAMAGE;// MAX+++
     BULLETSHOT=ENEMY,LARGE,HİT,HEAD;// MAX+++
     BULLETSHOT=ENEMY,TERGET,HEAD,LOCKED;// MAX+++
     BULLETSHOT=ENEMY,TERGET,HEAD,LOCK,SPEED;// MAX+++
     BULLETSHOT=AİM,MOVE,R,TERGET;HEAD,LOCKED;// MAX+++
     BULLETSHOT=AİM,MOVE,Y,TERGET;HEAD,LOCKED;// MAX+++
     BULLETSHOT=AİM,MOVE,X,TERGET;HEAD,LOCKED;// MAX+++
     BULLETSHOT=AİM,MOVE,L,TERGET;HEAD,LOCKED;// MAX+++

     Set / (true); {

     }

     Game;Call of Duty Mobile
    Set;BULLET
    Weapon;M4
    
    (importScripts);
    BULLETSHOT=ENEMY,HİBOX,TERGET,HEAD;// MAX+++
     BULLETSHOT=ENEMY,TERGET,MOVE,HEAD;// MAX+++
     BULLETSHOT=ENEMY,HİT,DAMAGE,BODY,MOVE,HEAD;// MAX+++
     BULLETSHOT=ENEMY,HİT,DAMAGE,NİCK,MOVE,HEAD;// MAX+++
     BULLETSHOT=ENEMY,HİT,BODY,HEAD;// MAX+++
     BULLETSHOT=ENEMY,HİT,NİCK,HEAD;// MAX+++
     BULLETSHOT=ENEMY,HİT,DAMAGE,TERGET,HEAD;// MAX+++
     BULLETSHOT=ENEMY,LARGE,HİT,DAMAGE;// MAX+++
     BULLETSHOT=ENEMY,LARGE,HİT,HEAD;// MAX+++
     BULLETSHOT=ENEMY,TERGET,HEAD,LOCKED;// MAX+++
     BULLETSHOT=ENEMY,TERGET,HEAD,LOCK,SPEED;// MAX+++
     BULLETSHOT=AİM,MOVE,R,TERGET;HEAD,LOCKED;// MAX+++
     BULLETSHOT=AİM,MOVE,Y,TERGET;HEAD,LOCKED;// MAX+++
     BULLETSHOT=AİM,MOVE,X,TERGET;HEAD,LOCKED;// MAX+++
     BULLETSHOT=AİM,MOVE,L,TERGET;HEAD,LOCKED;// MAX+++

     set / (true); {

     }

     Game;Call of Duty Mobile
    Set;BULLET
    Weapon;Kilo 141
    
    (importScripts);
    BULLETSHOT=ENEMY,HİBOX,TERGET,HEAD;// MAX+++
     BULLETSHOT=ENEMY,TERGET,MOVE,HEAD;// MAX+++
     BULLETSHOT=ENEMY,HİT,DAMAGE,BODY,MOVE,HEAD;// MAX+++
     BULLETSHOT=ENEMY,HİT,DAMAGE,NİCK,MOVE,HEAD;// MAX+++
     BULLETSHOT=ENEMY,HİT,BODY,HEAD;// MAX+++
     BULLETSHOT=ENEMY,HİT,NİCK,HEAD;// MAX+++
     BULLETSHOT=ENEMY,HİT,DAMAGE,TERGET,HEAD;// MAX+++
     BULLETSHOT=ENEMY,LARGE,HİT,DAMAGE;// MAX+++
     BULLETSHOT=ENEMY,LARGE,HİT,HEAD;// MAX+++
     BULLETSHOT=ENEMY,TERGET,HEAD,LOCKED;// MAX+++
     BULLETSHOT=ENEMY,TERGET,HEAD,LOCK,SPEED;// MAX+++
     BULLETSHOT=AİM,MOVE,R,TERGET;HEAD,LOCKED;// MAX+++
     BULLETSHOT=AİM,MOVE,Y,TERGET;HEAD,LOCKED;// MAX+++
     BULLETSHOT=AİM,MOVE,X,TERGET;HEAD,LOCKED;// MAX+++
     BULLETSHOT=AİM,MOVE,L,TERGET;HEAD,LOCKED;// MAX+++

     Set / (true); {

     }

     Game;Call of Duty Mobile
    Set;BULLET
    Weapon;Krig 6
    
    (importScripts);
    BULLETSHOT=ENEMY,HİBOX,TERGET,HEAD;// MAX+++
     BULLETSHOT=ENEMY,TERGET,MOVE,HEAD;// MAX+++
     BULLETSHOT=ENEMY,HİT,DAMAGE,BODY,MOVE,HEAD;// MAX+++
     BULLETSHOT=ENEMY,HİT,DAMAGE,NİCK,MOVE,HEAD;// MAX+++
     BULLETSHOT=ENEMY,HİT,BODY,HEAD;// MAX+++
     BULLETSHOT=ENEMY,HİT,NİCK,HEAD;// MAX+++
     BULLETSHOT=ENEMY,HİT,DAMAGE,TERGET,HEAD;// MAX+++
     BULLETSHOT=ENEMY,LARGE,HİT,DAMAGE;// MAX+++
     BULLETSHOT=ENEMY,LARGE,HİT,HEAD;// MAX+++
     BULLETSHOT=ENEMY,TERGET,HEAD,LOCKED;// MAX+++
     BULLETSHOT=ENEMY,TERGET,HEAD,LOCK,SPEED;// MAX+++
     BULLETSHOT=AİM,MOVE,R,TERGET;HEAD,LOCKED;// MAX+++
     BULLETSHOT=AİM,MOVE,Y,TERGET;HEAD,LOCKED;// MAX+++
     BULLETSHOT=AİM,MOVE,X,TERGET;HEAD,LOCKED;// MAX+++
     BULLETSHOT=AİM,MOVE,L,TERGET;HEAD,LOCKED;// MAX+++

     Set / (true); {

     }

     function AİM_KLOCKED();
                            MOVE = ENEMY, HEAD, LOCKED//MAX
                            MOVE = ENEMY, HEAD, RANGE//MAX 
     Set / (true); {
        
     }




if (CharacterData); {

}

set; CharacterData
Game; Call of Duty Mobile
Version; [0/24/3]; {

}
 
set;
function Call of Duty Mobile(Character) {
    AddHitbox/main
 add;
 Character;
 Hitbox;
 StaticRange;
}
  Character; AddMoveHitRange // 0x99999999999;MAX+++
  Character; AddLargeHitbox // 0x99999999999;MAX+++
  Character; AddHitDamageRange // 0x99999999999;MAX+++
  Character; AddLargeTergetHeadHitbox // 0x99999999999;MAX+++
  Character; AddMoveHitboxHEAD // 0x99999999999;MAX+++
  Character; AddMoveHitboxBODY // 0x99999999999;MAX+++
  Character; AddMoveHitboxNİCK // 0x99999999999;MAX+++
  
  Set / game; online && data; Character; Add; Hitbox(); {

  }
     BULLETSHOT=ENEMY,HİBOX,TERGET,HEAD;// MAX+++
     BULLETSHOT=ENEMY,TERGET,MOVE,HEAD;// MAX+++
     BULLETSHOT=ENEMY,HİT,DAMAGE,BODY,MOVE,HEAD;// MAX+++
     BULLETSHOT=ENEMY,HİT,DAMAGE,NİCK,MOVE,HEAD;// MAX+++
     BULLETSHOT=ENEMY,HİT,BODY,HEAD;// MAX+++
     BULLETSHOT=ENEMY,HİT,NİCK,HEAD;// MAX+++
     BULLETSHOT=ENEMY,HİT,DAMAGE,TERGET,HEAD;// MAX+++
     BULLETSHOT=ENEMY,LARGE,HİT,DAMAGE;// MAX+++
     BULLETSHOT=ENEMY,LARGE,HİT,HEAD;// MAX+++

     Set / (true); {

     }

    Game;Call of Duty Mobile
    Set;BULLET
    Weapon;M16
    
    (importScripts);
    BULLETSHOT=ENEMY,HİBOX,TERGET,HEAD;// MAX+++
     BULLETSHOT=ENEMY,TERGET,MOVE,HEAD;// MAX+++
     BULLETSHOT=ENEMY,HİT,DAMAGE,BODY,MOVE,HEAD;// MAX+++
     BULLETSHOT=ENEMY,HİT,DAMAGE,NİCK,MOVE,HEAD;// MAX+++
     BULLETSHOT=ENEMY,HİT,BODY,HEAD;// MAX+++
     BULLETSHOT=ENEMY,HİT,NİCK,HEAD;// MAX+++
     BULLETSHOT=ENEMY,HİT,DAMAGE,TERGET,HEAD;// MAX+++
     BULLETSHOT=ENEMY,LARGE,HİT,DAMAGE;// MAX+++
     BULLETSHOT=ENEMY,LARGE,HİT,HEAD;// MAX+++
     BULLETSHOT=ENEMY,TERGET,HEAD,LOCKED;// MAX+++
     BULLETSHOT=ENEMY,TERGET,HEAD,LOCK,SPEED;// MAX+++
     BULLETSHOT=AİM,MOVE,R,TERGET;HEAD,LOCKED;// MAX+++
     BULLETSHOT=AİM,MOVE,Y,TERGET;HEAD,LOCKED;// MAX+++
     BULLETSHOT=AİM,MOVE,X,TERGET;HEAD,LOCKED;// MAX+++
     BULLETSHOT=AİM,MOVE,L,TERGET;HEAD,LOCKED;// MAX+++

     Set / (true); {

     }

     Game;Call of Duty Mobile
    Set;BULLET
    Weapon;AS VAL
    
    (importScripts);
    BULLETSHOT=ENEMY,HİBOX,TERGET,HEAD;// MAX+++
     BULLETSHOT=ENEMY,TERGET,MOVE,HEAD;// MAX+++
     BULLETSHOT=ENEMY,HİT,DAMAGE,BODY,MOVE,HEAD;// MAX+++
     BULLETSHOT=ENEMY,HİT,DAMAGE,NİCK,MOVE,HEAD;// MAX+++
     BULLETSHOT=ENEMY,HİT,BODY,HEAD;// MAX+++
     BULLETSHOT=ENEMY,HİT,NİCK,HEAD;// MAX+++
     BULLETSHOT=ENEMY,HİT,DAMAGE,TERGET,HEAD;// MAX+++
     BULLETSHOT=ENEMY,LARGE,HİT,DAMAGE;// MAX+++
     BULLETSHOT=ENEMY,LARGE,HİT,HEAD;// MAX+++
     BULLETSHOT=ENEMY,TERGET,HEAD,LOCKED;// MAX+++
     BULLETSHOT=ENEMY,TERGET,HEAD,LOCK,SPEED;// MAX+++
     BULLETSHOT=AİM,MOVE,R,TERGET;HEAD,LOCKED;// MAX+++
     BULLETSHOT=AİM,MOVE,Y,TERGET;HEAD,LOCKED;// MAX+++
     BULLETSHOT=AİM,MOVE,X,TERGET;HEAD,LOCKED;// MAX+++
     BULLETSHOT=AİM,MOVE,L,TERGET;HEAD,LOCKED;// MAX+++

     set / (true); {

     }

     Game;Call of Duty Mobile
    Set;BULLET
    Weapon;M13

    (importScripts);
    BULLETSHOT=ENEMY,HİBOX,TERGET,HEAD;// MAX+++
     BULLETSHOT=ENEMY,TERGET,MOVE,HEAD;// MAX+++
     BULLETSHOT=ENEMY,HİT,DAMAGE,BODY,MOVE,HEAD;// MAX+++
     BULLETSHOT=ENEMY,HİT,DAMAGE,NİCK,MOVE,HEAD;// MAX+++
     BULLETSHOT=ENEMY,HİT,BODY,HEAD;// MAX+++
     BULLETSHOT=ENEMY,HİT,NİCK,HEAD;// MAX+++
     BULLETSHOT=ENEMY,HİT,DAMAGE,TERGET,HEAD;// MAX+++
     BULLETSHOT=ENEMY,LARGE,HİT,DAMAGE;// MAX+++
     BULLETSHOT=ENEMY,LARGE,HİT,HEAD;// MAX+++
     BULLETSHOT=ENEMY,TERGET,HEAD,LOCKED;// MAX+++
     BULLETSHOT=ENEMY,TERGET,HEAD,LOCK,SPEED;// MAX+++
     BULLETSHOT=AİM,MOVE,R,TERGET;HEAD,LOCKED;// MAX+++
     BULLETSHOT=AİM,MOVE,Y,TERGET;HEAD,LOCKED;// MAX+++
     BULLETSHOT=AİM,MOVE,X,TERGET;HEAD,LOCKED;// MAX+++
     BULLETSHOT=AİM,MOVE,L,TERGET;HEAD,LOCKED;// MAX+++

     Set / (true); {

     }

     Game;Call of Duty Mobile
    Set;BULLET
    Weapon;Type 25
    
    (importScripts);
    BULLETSHOT=ENEMY,HİBOX,TERGET,HEAD;// MAX+++
     BULLETSHOT=ENEMY,TERGET,MOVE,HEAD;// MAX+++
     BULLETSHOT=ENEMY,HİT,DAMAGE,BODY,MOVE,HEAD;// MAX+++
     BULLETSHOT=ENEMY,HİT,DAMAGE,NİCK,MOVE,HEAD;// MAX+++
     BULLETSHOT=ENEMY,HİT,BODY,HEAD;// MAX+++
     BULLETSHOT=ENEMY,HİT,NİCK,HEAD;// MAX+++
     BULLETSHOT=ENEMY,HİT,DAMAGE,TERGET,HEAD;// MAX+++
     BULLETSHOT=ENEMY,LARGE,HİT,DAMAGE;// MAX+++
     BULLETSHOT=ENEMY,LARGE,HİT,HEAD;// MAX+++
     BULLETSHOT=ENEMY,TERGET,HEAD,LOCKED;// MAX+++
     BULLETSHOT=ENEMY,TERGET,HEAD,LOCK,SPEED;// MAX+++
     BULLETSHOT=AİM,MOVE,R,TERGET;HEAD,LOCKED;// MAX+++
     BULLETSHOT=AİM,MOVE,Y,TERGET;HEAD,LOCKED;// MAX+++
     BULLETSHOT=AİM,MOVE,X,TERGET;HEAD,LOCKED;// MAX+++
     BULLETSHOT=AİM,MOVE,L,TERGET;HEAD,LOCKED;// MAX+++

     Set / (true); {

     }

     function AİM_KLOCKED();
                            MOVE = ENEMY, HEAD, LOCKED//MAX
                            MOVE = ENEMY, HEAD, RANGE//MAX 
     Set / (true); {
        
     }
   
     Set;
     function add_Aim();
     
         AIMSHOT=ENEMY, TERGET, HEAD, LOCKED; (true);
         AIMSHOT=CROSSHAIR, AIM, BULLET, TERGET, HEAD, LOCKED; (true);
         AIMSHOT=CROSSHAIR, AIM, BULLET, RANGE, TERGET, HEAD; (true);
         AIMSHOT=CROSSHAIR, AIM, SHOT, RANGE, TERGET, HEAD; (true);
         AIMSHOT=CROSSHAIR, AIM, MOVE, TERGET, HEAD; (true);
         AIMSHOT=CROSSHAIR, AIM, SHOT, BODY, TRANSFER, HEAD; (true);
         AIMSHOT=CROSSHAIR, AIM, SHOT, BULLET, AUTO, HEADSHOT, LOCKED; (true); {

         }

      Set;
      function Add_Hitbox();

         ENEMY=AIMSHOT, HİTBOX, MOVE, BODY, TRANSFER, HEAD; (true);
         ENEMY=AIMSHOT, HİTBOX, MOVE, NİCK, TRANSFER, HEAD; (true);
         ENEMY=AIMSHOT, HİT, DAMAGE, BODY, TRANSFER, HEAD; (true);
         ENEMY=AIMSHOT, HİT, DAMAGE, PART, BODY, TRANSFER, HEAD; (true);
         ENEMY=AIMSHOT, HİT, DAMAGE, PART, NİCK, TRANSFER, HEAD; (true);
         ENEMY=AIMSHOT, HİT, PART, HEAD; (true); {

         }

      Set;
      function    Aim_Weapon();
         
      ENEMY=AIMSHOT, HİTBOX, MOVE, BODY, TRANSFER, HEAD; (true);
      ENEMY=AIMSHOT, HİTBOX, MOVE, NİCK, TRANSFER, HEAD; (true);
      ENEMY=AIMSHOT, HİT, DAMAGE, BODY, TRANSFER, HEAD; (true);
      ENEMY=AIMSHOT, HİT, DAMAGE, PART, BODY, TRANSFER, HEAD; (true);
      ENEMY=AIMSHOT, HİT, DAMAGE, PART, NİCK, TRANSFER, HEAD; (true);
      ENEMY=AIMSHOT, HİT, PART, HEAD; (true);
      AIMSHOT=ENEMY, TERGET, HEAD, LOCKED; (true);
      AIMSHOT=CROSSHAIR, AIM, BULLET, TERGET, HEAD, LOCKED; (true);
      AIMSHOT=CROSSHAIR, AIM, BULLET, RANGE, TERGET, HEAD; (true);
      AIMSHOT=CROSSHAIR, AIM, SHOT, RANGE, TERGET, HEAD; (true);
      AIMSHOT=CROSSHAIR, AIM, MOVE, TERGET, HEAD; (true);
      AIMSHOT=CROSSHAIR, AIM, SHOT, BODY, TRANSFER, HEAD; (true);
      AIMSHOT=CROSSHAIR, AIM, SHOT, BULLET, AUTO, HEADSHOT, LOCKED; (true);
      AIMSHOT=ENEMY, TERGET, HEAD, LOCKED; (true);
      AIMSHOT=CROSSHAIR, AIM, BULLET, TERGET, HEAD, LOCKED; (true);
      AIMSHOT=CROSSHAIR, AIM, BULLET, RANGE, TERGET, HEAD; (true);
      AIMSHOT=CROSSHAIR, AIM, SHOT, RANGE, TERGET, HEAD; (true);
      AIMSHOT=CROSSHAIR, AIM, MOVE, TERGET, HEAD; (true);
      AIMSHOT=CROSSHAIR, AIM, SHOT, BODY, TRANSFER, HEAD; (true);
      AIMSHOT=CROSSHAIR, AIM, SHOT, BULLET, AUTO, HEADSHOT, LOCKED; (true); 
      BULLETSHOT=ENEMY,TERGET,MOVE,HEAD;// MAX+++
      BULLETSHOT=ENEMY,HİT,DAMAGE,BODY,MOVE,HEAD;// MAX+++
      BULLETSHOT=ENEMY,HİT,DAMAGE,NİCK,MOVE,HEAD;// MAX+++
      BULLETSHOT=ENEMY,HİT,BODY,HEAD;// MAX+++
      BULLETSHOT=ENEMY,HİT,NİCK,HEAD;// MAX+++
      BULLETSHOT=ENEMY,HİT,DAMAGE,TERGET,HEAD;// MAX+++
      BULLETSHOT=ENEMY,LARGE,HİT,DAMAGE;// MAX+++
      BULLETSHOT=ENEMY,LARGE,HİT,HEAD;// MAX+++
      BULLETSHOT=ENEMY,TERGET,HEAD,LOCKED;// MAX+++
      BULLETSHOT=ENEMY,TERGET,HEAD,LOCK,SPEED;// MAX+++
      BULLETSHOT=AİM,MOVE,R,TERGET;HEAD,LOCKED;// MAX+++
      BULLETSHOT=AİM,MOVE,Y,TERGET;HEAD,LOCKED;// MAX+++
      BULLETSHOT=AİM,MOVE,X,TERGET;HEAD,LOCKED;// MAX+++
      BULLETSHOT=AİM,MOVE,L,TERGET;HEAD,LOCKED;// MAX+++

      Set / (true); {
         
      }