<config>
    <game>
        <graphics>
            <resolution>
                <width>2560</width>
                <height>1440</height>
                <refresh_rate>144</refresh_rate>
            </resolution>
            <quality level="ultra">
                <texture_quality>ultra</texture_quality>
                <shadow_quality>high</shadow_quality>
                <anti_aliasing>fxaa</anti_aliasing>
            </quality>
        </graphics>
        <shooting>
            <aim_assist enabled="true" strength="high" />
            <bullet_drop enabled="true" />
            <sensitivity>
                <horizontal>90</horizontal>
                <vertical>95</vertical>
            </sensitivity>
            <crosshair>
                <type>dynamic</type>
                <color>green</color>
                <size>medium</size>
            </crosshair>
        </shooting>
    </game>
</config>