﻿[{"key":"Mini_Pak_Instal","space":0},{"key":"Mini_Pak_Base_End","space":776.66567897797},{"key":"Mini_Pak_Instal","space":776.66567897797},{"key":"Mini_Pak_Return_Login","space":776.66567897797},{"key":"Mini_Pak_Shader_End","space":776.66567897797},{"key":"Mini_Pak_Instal","space":776.66567897797},{"key":"Mini_Pak_Return_Login","space":776.66567897797},{"key":"Mini_Pak_Shader_End","space":776.66567897797},{"key":"Mini_Pak_Instal","space":776.66567897797},{"key":"Mini_Pak_Return_Login","space":776.66567897797},{"key":"Mini_Pak_Shader_End","space":776.66567897797},{"key":"Mini_Pak_Return_Login","space":776.66567897797}]