<?xml version='1.0' encoding='utf-8' standalone='yes' ?>
<map>
    <boolean name="cpu_temperature" value="false" />
    <boolean name="perfmon_show_gpus" value="false" />
    <boolean name="battery_warn_high_idle_drain" value="false" />
    <string name="perfmon_width_2">150</string>
    <boolean name="show_battery_percentage_icon" value="true" />
    <boolean name="per_app_profiles" value="false" />
    <string name="boot_service_delay">0</string>
    <boolean name="perfmon_show_fps" value="true" />
    <boolean name="battery_monitor_service_enable" value="true" />
    <string name="idle_drain_notify_percentage">5</string>
    <string name="theme">2</string>
    <boolean name="battery_show_amp_voltage" value="false" />
    <string name="startup_page">0</string>
    <boolean name="boot_service_toast" value="false" />
    <boolean name="perfmon_show_cpus" value="false" />
    <boolean name="perfmon_show_cpus_freq" value="false" />
    <string name="battery_temp_type">c</string>
    <boolean name="reset_on_percentage" value="false" />
    <string name="perfmon_height_2">275</string>
    <boolean name="per_app_profiles_toast" value="false" />
    <boolean name="perfmon_show_cpus_load" value="false" />
    <string name="drawer_icon_gravity">1</string>
    <int name="fku.perf.profile" value="1" />
    <boolean name="battery_monitor_reset_on_plug_in" value="false" />
    <string name="perfmon_refresh_interval">150</string>
    <string name="percentage_for_reset_2">100</string>
    <string name="system_health_startup_page">1</string>
    <boolean name="perfmon_show_ram" value="false" />
    <boolean name="reset_on_reboot" value="false" />
    <int name="opacity" value="65" />
    <boolean name="perfmon_show_only_clusters" value="false" />
</map>
